{"cameraMode":{"drawMode":0,"name":"Shaded","section":"Shading Mode"},"sceneLighting":false,"audioPlay":false,"sceneViewState":{"m_AlwaysRefresh":false,"showFog":true,"showSkybox":true,"showFlares":true,"showImageEffects":true,"showParticleSystems":true,"showVisualEffectGraphs":true,"m_FxEnabled":true},"in2DMode":false,"pivot":{"x":0.7317726612091065,"y":1.8606648445129395,"z":0.9898601174354553},"rotation":{"x":0.009983392432332039,"y":0.9897341728210449,"z":-0.11212791502475739,"w":0.08812087029218674},"size":1.1672255992889405,"orthographic":false}